ticker,fiscal_year,roe,source
ADVANC,2001,0.111396,sec
ADVANC,2002,0.247588,sec
ADVANC,2003,0.333792,sec
ADVANC,2008,0.222783,sec
ADVANC,2009,0.232320,sec
ADVANC,2010,0.364357,sec
ADVANC,2011,0.554441,sec
ADVANC,2012,0.844560,sec
ADVANC,2013,0.814222,sec
ADVANC,2014,0.779108,sec
ADVANC,2015,0.823163,sec
ADVANC,2016,0.674396,sec
ADVANC,2017,0.647608,sec
ADVANC,2018,0.551070,sec
ADVANC,2019,0.491999,sec
ADVANC,2020,0.378849,sec
ADVANC,2021,0.342384,sec
ADVANC,2022,0.310791,sec
ADVANC,2023,0.330025,sec
ADVANC,2024,0.373540,sec
ADVANC,2025,0.468556,sec
AEONTS,2002,0.377826,sec-prior
AEONTS,2003,0.346820,sec
AEONTS,2004,0.359071,sec
AEONTS,2005,0.349496,sec
AEONTS,2006,0.305537,sec
AEONTS,2007,0.305158,sec
AEONTS,2008,0.273195,sec
AEONTS,2009,0.237625,sec
AEONTS,2010,0.175282,sec
AEONTS,2011,0.158659,sec
AEONTS,2012,0.025539,sec
AEONTS,2013,0.252328,sec
AEONTS,2014,0.309512,sec
AEONTS,2015,0.249875,sec
AEONTS,2016,0.012328,sec
AEONTS,2017,0.185941,sec
AEONTS,2018,0.201684,sec
AEONTS,2019,0.207542,sec
AEONTS,2020,0.205011,sec
AEONTS,2021,0.195293,sec
AEONTS,2022,0.192334,sec
AEONTS,2023,0.178653,sec
AEONTS,2024,0.137810,sec
AEONTS,2025,0.113229,sec
AEONTS,2026,0.116221,sec
AMATA,2001,0.145119,sec
AMATA,2002,0.122246,sec
AMATA,2003,0.281425,sec
AMATA,2004,0.270385,sec
AMATA,2005,0.314614,sec
AMATA,2006,0.183355,sec
AMATA,2007,0.228016,sec
AMATA,2008,0.228283,sec
AMATA,2009,0.055947,sec
AMATA,2010,0.145888,sec
AMATA,2011,0.162619,sec
AMATA,2012,0.172535,sec
AMATA,2013,0.193141,sec
AMATA,2014,0.241312,sec
AMATA,2015,0.114264,sec
AMATA,2016,0.103667,sec
AMATA,2017,0.115046,sec
AMATA,2018,0.079789,sec
AMATA,2019,0.128937,sec
AMATA,2020,0.074299,sec
AMATA,2021,0.084041,sec
AMATA,2022,0.125940,sec
AMATA,2023,0.094530,sec
AMATA,2024,0.117112,sec
AMATA,2025,0.138895,sec
AOT,2004,0.099210,sec
AOT,2005,0.120508,sec-rescaled
AOT,2006,0.153132,sec
AOT,2007,0.015546,sec
AOT,2008,0.100298,sec
AOT,2009,0.008468,sec
AOT,2010,0.018678,sec
AOT,2011,0.035140,sec
AOT,2012,0.086793,sec
AOT,2013,0.193206,sec
AOT,2014,0.129574,sec
AOT,2015,0.182157,sec
AOT,2016,0.170254,sec
AOT,2017,0.172119,sec
AOT,2018,0.182875,sec
AOT,2019,0.168074,sec
AOT,2020,0.029180,sec
AOT,2021,-0.128227,sec
AOT,2022,-0.103786,sec
AOT,2023,0.083015,sec
AOT,2024,0.163465,sec
AOT,2025,0.142085,sec
AP,2001,0.348108,sec
AP,2002,0.522497,sec
AP,2003,0.473661,sec
AP,2004,0.289044,sec
AP,2005,0.266007,sec
AP,2006,0.297196,sec
AP,2007,0.170128,sec
AP,2008,0.266270,sec
AP,2009,0.249221,sec
AP,2010,0.253872,sec
AP,2011,0.153756,sec
AP,2012,0.200973,sec
AP,2013,0.150886,sec
AP,2014,0.175211,sec
AP,2015,0.156612,sec
AP,2016,0.145781,sec
AP,2017,0.153780,sec
AP,2018,0.167954,sec
AP,2019,0.120728,sec
AP,2020,0.152049,sec
AP,2021,0.147208,sec
AP,2022,0.169896,sec
AP,2023,0.156236,sec
AP,2024,0.118930,sec
AP,2025,0.096185,sec
AURA,2021,0.255707,sec
AURA,2022,0.193067,sec
AURA,2023,0.160249,sec
AURA,2024,0.187934,sec
AURA,2025,0.212612,sec
BANPU,2025,-0.013962,set
BBL,2008,0.118773,sec
BBL,2009,0.112007,sec
BBL,2010,0.116737,sec
BBL,2011,0.116172,sec
BBL,2012,0.127684,sec
BBL,2013,0.126852,sec
BBL,2014,0.117771,sec
BBL,2015,0.100340,sec
BBL,2016,0.086523,sec
BBL,2017,0.085293,sec
BBL,2018,0.087630,sec
BBL,2019,0.086090,sec
BBL,2020,0.039949,sec
BBL,2021,0.057051,sec
BBL,2022,0.059388,sec
BBL,2023,0.081028,sec
BBL,2024,0.083886,sec
BBL,2025,0.081878,sec
BCH,2004,0.179571,sec
BCH,2005,0.097774,sec
BCH,2006,0.146538,sec
BCH,2007,0.185498,sec
BCH,2008,0.251282,sec
BCH,2009,0.295992,sec
BCH,2010,0.267330,sec
BCH,2011,0.211847,sec
BCH,2012,0.265865,sec
BCH,2013,0.153756,sec
BCH,2014,0.128811,sec
BCH,2015,0.124142,sec
BCH,2016,0.165164,sec
BCH,2017,0.163058,sec
BCH,2018,0.177011,sec
BCH,2019,0.169692,sec
BCH,2020,0.168359,sec
BCH,2021,0.624295,sec
BCH,2022,0.218505,sec
BCH,2023,0.103354,sec
BCH,2024,0.092485,sec
BCH,2025,0.093247,sec
BCP,2001,-0.728279,sec
BCP,2002,-0.851384,sec
BCP,2003,-0.424256,sec
BCP,2004,0.410719,sec
BCP,2005,0.258418,sec
BCP,2006,0.012398,sec
BCP,2007,0.088477,sec
BCP,2008,-0.036750,sec
BCP,2009,0.330092,sec
BCP,2010,0.106642,sec
BCP,2011,0.214352,sec
BCP,2012,0.138110,sec
BCP,2013,0.139156,sec
BCP,2014,0.020920,sec
BCP,2015,0.120679,sec
BCP,2016,0.127250,sec
BCP,2017,0.135652,sec
BCP,2018,0.055851,sec
BCP,2019,0.041043,sec
BCP,2020,-0.142229,sec
BCP,2021,0.152731,sec
BCP,2022,0.216494,sec
BCP,2023,0.196317,sec
BCP,2024,0.033128,sec
BCP,2025,0.045464,sec
BCPG,2015,0.341434,sec
BCPG,2016,0.176691,sec
BCPG,2017,0.144603,sec
BCPG,2018,0.151644,sec
BCPG,2019,0.117513,sec
BCPG,2020,0.100651,sec
BCPG,2021,0.081003,sec
BCPG,2022,0.093356,sec
BCPG,2023,0.037637,sec
BCPG,2024,0.060382,sec
BCPG,2025,0.028999,sec
BDMS,2001,0.094352,sec
BDMS,2002,0.086388,sec
BDMS,2003,0.110502,sec
BDMS,2004,0.107321,sec
BDMS,2006,0.141883,sec
BDMS,2007,0.114698,sec
BDMS,2008,0.134592,sec
BDMS,2009,0.124404,sec
BDMS,2010,0.147925,sec
BDMS,2011,0.184170,sec
BDMS,2012,0.229091,sec
BDMS,2013,0.161516,sec
BDMS,2014,0.169071,sec
BDMS,2015,0.157631,sec
BDMS,2016,0.154993,sec
BDMS,2017,0.171997,sec
BDMS,2018,0.137812,sec
BDMS,2019,0.201347,sec
BDMS,2020,0.084021,sec
BDMS,2021,0.092411,sec
BDMS,2022,0.145129,sec
BDMS,2023,0.163568,sec
BDMS,2024,0.163568,sec
BDMS,2025,0.153918,sec
BEM,2014,0.056873,sec
BEM,2015,0.096188,sec
BEM,2016,0.088736,sec
BEM,2017,0.102806,sec
BEM,2018,0.159750,sec
BEM,2019,0.146334,sec
BEM,2020,0.053433,sec
BEM,2021,0.026691,sec
BEM,2022,0.065000,sec
BEM,2023,0.092857,sec
BEM,2024,0.101534,sec
BEM,2025,0.102795,sec
BGRIM,2016,0.319339,sec
BGRIM,2017,0.173231,sec
BGRIM,2018,0.098284,sec
BGRIM,2019,0.098365,sec
BGRIM,2020,0.078208,sec
BGRIM,2021,0.079931,sec
BGRIM,2022,-0.042031,sec
BGRIM,2023,0.055547,sec
BGRIM,2024,0.041950,sec
BGRIM,2025,0.048200,sec
BH,2006,0.346503,sec
BH,2007,0.402494,sec
BH,2008,0.258519,sec
BH,2009,0.240985,sec
BH,2010,0.218071,sec
BH,2011,0.248107,sec
BH,2012,0.352759,sec
BH,2013,0.278425,sec
BH,2014,0.266628,sec
BH,2015,0.290939,sec
BH,2016,0.266537,sec
BH,2017,0.255464,sec
BH,2018,0.238224,sec
BH,2019,0.195052,sec
BH,2020,0.062545,sec
BH,2021,0.067882,sec
BH,2022,0.266991,sec
BH,2023,0.322087,sec
BH,2024,0.303174,sec
BH,2025,0.257470,sec
BJC,2001,0.047849,sec
BJC,2002,0.101968,sec
BJC,2003,0.162611,sec
BJC,2004,0.149560,sec
BJC,2005,0.114683,sec
BJC,2006,0.100573,sec
BJC,2007,0.132955,sec
BJC,2008,0.133231,sec
BJC,2009,0.126805,sec
BJC,2010,0.175059,sec
BJC,2011,0.181493,sec
BJC,2012,0.183835,sec
BJC,2013,0.170317,sec
BJC,2014,0.112086,sec
BJC,2015,0.174157,sec
BJC,2016,0.066413,sec
BJC,2017,0.049804,sec
BJC,2018,0.061283,sec
BJC,2019,0.064388,sec
BJC,2020,0.038050,sec
BJC,2021,0.035605,sec
BJC,2022,0.047266,sec
BJC,2023,0.045684,sec
BJC,2024,0.039588,sec
BJC,2025,0.038870,sec
BLA,2009,0.231346,sec
BLA,2010,0.308181,sec
BLA,2011,0.280689,sec
BLA,2012,0.196644,sec
BLA,2014,0.104064,sec
BLA,2017,0.100882,sec
BLA,2018,0.128410,sec
BLA,2019,0.105991,sec
BLA,2020,0.035608,sec
BLA,2021,0.067953,sec
BLA,2022,0.069253,sec
BLA,2023,0.057125,sec
BLA,2024,0.078330,sec
BLA,2025,0.134969,sec
BTS,2008,0.389034,sec
BTS,2009,0.005525,sec
BTS,2010,0.052677,sec
BTS,2011,0.009238,sec
BTS,2012,0.060105,sec
BTS,2013,0.014881,sec
BTS,2014,0.236915,sec
BTS,2015,0.055263,sec
BTS,2016,0.086025,sec
BTS,2017,0.045743,sec
BTS,2018,0.100557,sec
BTS,2019,0.072410,sec
BTS,2020,0.156753,sec
BTS,2021,0.079529,sec
BTS,2022,0.062599,sec
BTS,2023,0.031577,sec
BTS,2024,-0.102153,sec
BTS,2025,0.040462,sec
BTS,2026,-0.019767,sec
CBG,2013,0.216265,sec
CBG,2014,0.290225,sec
CBG,2015,0.203129,sec
CBG,2016,0.212757,sec
CBG,2017,0.114488,sec
CBG,2018,0.134398,sec
CBG,2019,0.313577,sec
CBG,2020,0.384321,sec
CBG,2021,0.281949,sec
CBG,2022,0.215509,sec
CBG,2023,0.171405,sec
CBG,2024,0.228922,sec
CBG,2025,0.167735,sec
CENTEL,2001,0.096005,sec
CENTEL,2002,0.082601,sec
CENTEL,2003,0.101835,sec
CENTEL,2004,0.174083,sec
CENTEL,2005,0.154535,sec
CENTEL,2006,0.106474,sec
CENTEL,2007,0.090456,sec
CENTEL,2008,0.072700,sec
CENTEL,2009,0.016389,sec
CENTEL,2010,-0.008690,sec
CENTEL,2011,0.097493,sec
CENTEL,2012,0.208365,sec
CENTEL,2013,0.136922,sec
CENTEL,2014,0.111440,sec
CENTEL,2015,0.193145,sec
CENTEL,2016,0.188455,sec
CENTEL,2017,0.181488,sec
CENTEL,2018,0.170940,sec
CENTEL,2019,0.126563,sec
CENTEL,2020,-0.227850,sec
CENTEL,2021,-0.122609,sec
CENTEL,2022,0.021332,sec
CENTEL,2023,0.064155,sec
CENTEL,2024,0.085579,sec
CENTEL,2025,0.091493,sec
CHG,2012,0.322787,sec
CHG,2013,0.220110,sec
CHG,2014,0.176734,sec
CHG,2015,0.186766,sec
CHG,2016,0.185152,sec
CHG,2017,0.175871,sec
CHG,2018,0.184729,sec
CHG,2019,0.194134,sec
CHG,2020,0.226899,sec
CHG,2021,0.725252,sec
CHG,2022,0.368199,sec
CHG,2023,0.139030,sec
CHG,2024,0.128304,sec
CHG,2025,0.124865,sec
COM7,2014,0.500752,sec
COM7,2015,0.234846,sec
COM7,2016,0.216656,sec
COM7,2017,0.284067,sec
COM7,2018,0.351626,sec
COM7,2019,0.395900,sec
COM7,2020,0.412583,sec
COM7,2021,0.575757,sec
COM7,2022,0.488404,sec
COM7,2023,0.375913,sec
COM7,2024,0.393768,sec
COM7,2025,0.414260,sec
CPALL,2004,0.143355,sec
CPALL,2005,0.147454,sec
CPALL,2006,0.143592,sec
CPALL,2007,0.213718,sec
CPALL,2008,0.254918,sec
CPALL,2009,0.281410,sec
CPALL,2010,0.365161,sec
CPALL,2011,0.408068,sec
CPALL,2012,0.457070,sec
CPALL,2013,0.377119,sec
CPALL,2014,0.341136,sec
CPALL,2015,0.401648,sec
CPALL,2016,0.403825,sec
CPALL,2017,0.305031,sec
CPALL,2018,0.261353,sec
CPALL,2019,0.250245,sec
CPALL,2020,0.169056,sec
CPALL,2021,0.129278,sec
CPALL,2022,0.129570,sec
CPALL,2023,0.174591,sec
CPALL,2024,0.213119,sec
CPALL,2025,0.212875,sec
CPAXT,2023,0.029445,sec
CPAXT,2024,0.035791,sec
CPAXT,2025,0.031338,sec
CPF,2004,0.039803,sec
CPF,2005,0.178931,sec
CPF,2006,0.058063,sec
CPF,2007,0.029349,sec
CPF,2008,0.068333,sec
CPF,2010,0.246817,sec
CPF,2011,0.260793,sec
CPF,2012,0.222792,sec
CPF,2013,0.065933,sec
CPF,2014,0.092921,sec
CPF,2015,0.094561,sec
CPF,2016,0.117593,sec
CPF,2017,0.101151,sec
CPF,2018,0.093129,sec
CPF,2019,0.110577,sec
CPF,2020,0.144484,sec
CPF,2021,0.064020,sec
CPF,2022,0.059024,sec
CPF,2023,-0.021020,sec
CPF,2024,0.067645,sec
CPF,2025,0.105254,sec
CPN,2001,0.156401,sec
CPN,2002,0.184618,sec
CPN,2003,0.171052,sec
CPN,2004,0.161418,sec
CPN,2005,0.320914,sec
CPN,2006,0.138339,sec
CPN,2007,0.136068,sec
CPN,2008,0.159793,sec
CPN,2009,0.298425,sec
CPN,2010,0.060754,sec
CPN,2011,0.107089,sec
CPN,2012,0.273146,sec
CPN,2013,0.204536,sec
CPN,2014,0.189301,sec
CPN,2015,0.181245,sec
CPN,2016,0.188700,sec
CPN,2017,0.238367,sec
CPN,2018,0.175895,sec
CPN,2019,0.170301,sec
CPN,2020,0.135640,sec
CPN,2021,0.100759,sec
CPN,2022,0.139217,sec
CPN,2023,0.173373,sec
CPN,2024,0.173489,sec
CPN,2025,0.179046,sec
CRC,2018,0.163027,sec
CRC,2019,0.254362,sec
CRC,2020,0.001183,sec
CRC,2021,0.001082,sec
CRC,2022,0.121085,sec
CRC,2023,0.124108,sec
CRC,2024,0.119620,sec
CRC,2025,0.110252,sec
DCC,2011,0.461281,sec
DCC,2012,0.469511,sec
DCC,2013,0.468335,sec
DCC,2014,0.441482,sec
DCC,2015,0.464264,sec
DCC,2016,0.438155,sec
DCC,2017,0.312059,sec
DCC,2018,0.241589,sec
DCC,2019,0.248139,sec
DCC,2020,0.378492,sec
DCC,2021,0.317976,sec
DCC,2022,0.275405,sec
DCC,2023,0.186292,sec
DCC,2024,0.160537,sec
DCC,2025,0.127435,sec
DELTA,2006,0.132524,sec
DELTA,2007,0.207180,sec
DELTA,2008,0.177100,sec
DELTA,2009,0.126942,sec
DELTA,2010,0.224793,sec
DELTA,2011,0.146628,sec
DELTA,2012,0.205280,sec
DELTA,2013,0.226492,sec
DELTA,2014,0.225291,sec
DELTA,2015,0.232618,sec
DELTA,2016,0.176666,sec
DELTA,2017,0.153255,sec
DELTA,2018,0.154741,sec
DELTA,2019,0.088427,sec
DELTA,2020,0.201117,sec
DELTA,2021,0.169561,sec
DELTA,2022,0.319398,sec
DELTA,2023,0.301469,sec
DELTA,2024,0.256828,sec
DELTA,2025,0.280914,sec
DOHOME,2018,0.091854,sec
DOHOME,2019,0.128948,sec
DOHOME,2020,0.107258,sec
DOHOME,2021,0.202350,sec
DOHOME,2022,0.068859,sec
DOHOME,2023,0.049228,sec
DOHOME,2024,0.053923,sec
DOHOME,2025,0.045827,sec
EA,2012,0.100824,sec
EA,2013,0.097795,sec
EA,2014,0.313953,sec
EA,2015,0.373365,sec
EA,2016,0.326975,sec
EA,2017,0.293075,sec
EA,2018,0.303309,sec
EA,2019,0.291856,sec
EA,2020,0.203399,sec
EA,2021,0.202282,sec
EA,2022,0.212916,sec
EA,2023,0.188672,sec
EA,2024,-0.126715,sec
EA,2025,-0.204613,sec
EGCO,2001,0.160460,sec
EGCO,2002,0.147242,sec
EGCO,2003,0.251039,sec
EGCO,2004,0.166767,sec
EGCO,2005,0.133590,sec
EGCO,2006,0.175718,sec
EGCO,2007,0.216009,sec
EGCO,2008,0.158256,sec
EGCO,2009,0.166601,sec
EGCO,2010,0.130442,sec
EGCO,2011,0.089860,sec
EGCO,2012,0.176177,sec
EGCO,2013,0.106230,sec
EGCO,2014,0.109488,sec
EGCO,2015,0.058551,sec
EGCO,2016,0.105280,sec
EGCO,2017,0.141050,sec
EGCO,2018,0.226477,sec
EGCO,2019,0.127575,sec
EGCO,2020,0.084486,sec
EGCO,2021,0.038054,sec
EGCO,2022,0.022939,sec
EGCO,2023,-0.074386,sec
EGCO,2024,0.051710,sec
EGCO,2025,0.046309,sec
ERW,2001,-0.081306,sec
ERW,2002,-0.083747,sec
ERW,2006,0.104873,sec
ERW,2007,0.123132,sec
ERW,2008,0.037177,sec
ERW,2009,-0.055856,sec
ERW,2010,-0.079330,sec
ERW,2011,0.146237,sec
ERW,2012,0.029826,sec
ERW,2013,0.219662,sec
ERW,2014,-0.023271,sec
ERW,2015,0.042751,sec
ERW,2016,0.076525,sec
ERW,2017,0.111290,sec
ERW,2018,0.110062,sec
ERW,2019,0.088941,sec
ERW,2020,-0.371509,sec
ERW,2021,-0.438761,sec
ERW,2022,-0.036388,sec
ERW,2023,0.126351,sec
ERW,2024,0.174520,sec
ERW,2025,0.102355,sec
GFPT,2001,0.309508,sec
GFPT,2002,0.206691,sec
GFPT,2003,0.082932,sec
GFPT,2004,0.082149,sec
GFPT,2005,-0.163129,sec
GFPT,2006,0.033946,sec
GFPT,2007,0.105753,sec
GFPT,2008,0.329543,sec
GFPT,2009,0.260174,sec
GFPT,2010,0.239166,sec
GFPT,2011,0.215242,sec
GFPT,2012,0.008473,sec
GFPT,2013,0.226573,sec
GFPT,2018,0.084548,sec
GFPT,2022,0.130806,sec
GFPT,2023,0.080533,sec
GFPT,2024,0.106736,sec
GFPT,2025,0.119161,sec
GLOBAL,2009,0.188499,sec
GLOBAL,2010,0.143466,sec
GLOBAL,2011,0.138878,sec
GLOBAL,2012,0.089058,sec
GLOBAL,2013,0.092166,sec
GLOBAL,2014,0.057556,sec
GLOBAL,2015,0.059035,sec
GLOBAL,2016,0.095917,sec
GLOBAL,2017,0.125202,sec
GLOBAL,2018,0.142961,sec
GLOBAL,2019,0.136897,sec
GLOBAL,2020,0.118928,sec
GLOBAL,2021,0.182999,sec
GLOBAL,2022,0.168658,sec
GLOBAL,2023,0.118660,sec
GLOBAL,2024,0.099244,sec
GLOBAL,2025,0.078240,sec
GPSC,2014,0.062747,sec
GPSC,2015,0.062196,sec
GPSC,2016,0.073812,sec
GPSC,2017,0.083876,sec
GPSC,2018,0.085542,sec
GPSC,2019,0.057647,sec
GPSC,2020,0.073683,sec
GPSC,2021,0.069293,sec
GPSC,2022,0.008368,sec
GPSC,2023,0.035029,sec
GPSC,2024,0.038010,sec
GPSC,2025,0.060378,sec
GULF,2016,0.208072,sec
GULF,2017,0.187141,sec
GULF,2018,0.085178,sec
GULF,2019,0.104160,sec
GULF,2020,0.083591,sec
GULF,2021,0.095507,sec
GULF,2022,0.110111,sec
GULF,2023,0.130691,sec
GULF,2024,0.150952,sec
GULF,2025,0.239634,set
GUNKUL,2010,0.064943,sec
GUNKUL,2013,0.364779,sec
GUNKUL,2014,0.175729,sec
GUNKUL,2015,0.119984,sec
GUNKUL,2016,0.062630,sec
GUNKUL,2017,0.077713,sec
GUNKUL,2018,0.131815,sec
GUNKUL,2019,0.218862,sec
GUNKUL,2020,0.297050,sec
GUNKUL,2021,0.176788,sec
GUNKUL,2022,0.221657,sec
GUNKUL,2023,0.105313,sec
GUNKUL,2024,0.119663,sec
GUNKUL,2025,0.126583,sec
HANA,2002,-0.128239,sec
HANA,2003,-0.133190,sec
HANA,2006,0.234183,sec
HANA,2007,0.231463,sec
HANA,2008,0.160944,sec
HANA,2009,0.158937,sec
HANA,2010,0.199155,sec
HANA,2011,0.110944,sec
HANA,2012,0.111605,sec
HANA,2013,0.148447,sec
HANA,2014,0.194835,sec
HANA,2015,0.109369,sec
HANA,2016,0.106914,sec
HANA,2017,0.142072,sec
HANA,2018,0.113720,sec
HANA,2019,0.086699,sec
HANA,2020,0.090502,sec
HANA,2021,0.069185,sec
HANA,2022,0.089602,sec
HANA,2023,0.066425,sec
HANA,2024,-0.022541,sec
HANA,2025,0.025110,sec
HMPRO,2001,0.190509,sec
HMPRO,2002,0.121011,sec
HMPRO,2003,0.167930,sec
HMPRO,2004,0.260625,sec
HMPRO,2005,0.199742,sec
HMPRO,2006,0.188870,sec
HMPRO,2007,0.174071,sec
HMPRO,2008,0.206778,sec
HMPRO,2009,0.223440,sec
HMPRO,2010,0.286235,sec
HMPRO,2011,0.279308,sec
HMPRO,2012,0.298030,sec
HMPRO,2013,0.271023,sec
HMPRO,2014,0.233185,sec
HMPRO,2015,0.214623,sec
HMPRO,2016,0.239886,sec
HMPRO,2017,0.270525,sec
HMPRO,2018,0.291195,sec
HMPRO,2019,0.300914,sec
HMPRO,2020,0.241419,sec
HMPRO,2021,0.244762,sec
HMPRO,2022,0.263792,sec
HMPRO,2023,0.258673,sec
HMPRO,2024,0.248411,sec
HMPRO,2025,0.227275,sec
IRPC,2002,-0.000001,sec
IRPC,2003,0.390710,sec
IRPC,2004,0.742091,sec
IRPC,2005,0.000001,sec
IRPC,2006,0.085676,sec
IRPC,2007,0.149808,sec
IRPC,2008,-0.225495,sec
IRPC,2009,0.076764,sec
IRPC,2010,0.083845,sec
IRPC,2011,0.054522,sec
IRPC,2012,-0.012778,sec
IRPC,2013,0.010871,sec
IRPC,2014,-0.072992,sec
IRPC,2015,0.130778,sec
IRPC,2016,0.123925,sec
IRPC,2017,0.134647,sec
IRPC,2018,0.088385,sec
IRPC,2019,-0.013749,sec
IRPC,2020,-0.077347,sec
IRPC,2021,0.177559,sec
IRPC,2022,-0.052275,sec
IRPC,2023,-0.037630,sec
IRPC,2024,-0.071198,sec
IRPC,2025,-0.053001,sec
ITC,2021,0.356090,sec
ITC,2022,0.331880,sec
ITC,2023,0.099849,sec
ITC,2024,0.152243,sec
ITC,2025,0.124173,sec
IVL,2009,0.321890,sec
IVL,2010,0.428869,sec
IVL,2011,0.343867,sec
IVL,2012,0.078038,sec
IVL,2013,0.022714,sec
IVL,2014,0.024941,sec
IVL,2015,0.107792,sec
IVL,2016,0.232830,sec
IVL,2017,0.236809,sec
IVL,2018,0.228001,sec
IVL,2019,0.042796,sec
IVL,2020,0.018835,sec
IVL,2021,0.184204,sec
IVL,2022,0.179871,sec
IVL,2023,-0.061641,sec
IVL,2024,-0.132699,sec
IVL,2025,-0.060362,sec
JMART,2009,0.177512,sec
JMART,2010,0.157971,sec
JMART,2015,0.110185,sec
JMART,2016,0.152868,sec
JMART,2017,0.158938,sec
JMART,2018,-0.091143,sec
JMART,2019,0.171347,sec
JMART,2020,0.223975,sec
JMART,2021,0.234968,sec
JMART,2022,0.099088,sec
JMART,2023,-0.023787,sec
JMART,2024,0.060136,sec
JMART,2025,-0.008674,sec
JMT,2011,0.359861,sec
JMT,2013,0.121470,sec
JMT,2014,0.186011,sec
JMT,2015,0.080536,sec
JMT,2016,0.161137,sec
JMT,2017,0.185932,sec
JMT,2018,0.176730,sec
JMT,2019,0.200662,sec
JMT,2020,0.229623,sec
JMT,2021,0.113133,sec
JMT,2022,0.083027,sec
JMT,2023,0.081140,sec
JMT,2024,0.060469,sec
JMT,2025,0.038129,sec
KBANK,2001,0.037869,sec
KBANK,2002,0.212589,sec
KBANK,2003,0.351632,sec
KBANK,2004,0.258302,sec
KBANK,2005,0.192426,sec
KBANK,2006,0.164277,sec
KBANK,2007,0.159428,sec
KBANK,2008,0.143531,sec
KBANK,2009,0.125813,sec
KBANK,2010,0.157266,sec
KBANK,2011,0.167222,sec
KBANK,2012,0.207567,sec
KBANK,2013,0.204488,sec
KBANK,2014,0.193803,sec
KBANK,2015,0.145429,sec
KBANK,2016,0.132250,sec
KBANK,2017,0.102445,sec
KBANK,2018,0.106105,sec
KBANK,2019,0.098962,sec
KBANK,2020,0.069707,sec
KBANK,2021,0.083050,sec
KBANK,2022,0.073000,sec
KBANK,2023,0.081898,sec
KBANK,2024,0.088712,sec-prior
KBANK,2025,0.086209,sec
KCE,2001,0.001449,sec
KCE,2002,0.084586,sec
KCE,2006,-0.049686,sec
KCE,2007,0.103107,sec
KCE,2008,-0.159021,sec
KCE,2009,0.071647,sec
KCE,2010,0.208698,sec
KCE,2011,0.049979,sec
KCE,2012,0.255132,sec
KCE,2013,0.327785,sec
KCE,2014,0.403682,sec
KCE,2015,0.310366,sec
KCE,2016,0.336451,sec
KCE,2017,0.239833,sec
KCE,2018,0.173849,sec
KCE,2019,0.078983,sec
KCE,2020,0.094998,sec
KCE,2021,0.191119,sec
KCE,2022,0.173122,sec
KCE,2023,0.127010,sec
KCE,2024,0.120130,sec
KCE,2025,0.061927,sec
KKP,2008,0.109504,sec
KKP,2009,0.126946,sec
KKP,2010,0.146184,sec
KKP,2011,0.000191,sec
KKP,2012,0.000227,sec
KKP,2013,0.000296,sec
KKP,2014,0.000176,sec
KKP,2015,0.088377,sec
KKP,2016,0.141007,sec
KKP,2017,0.139812,sec
KKP,2018,0.144047,sec
KKP,2019,0.138699,sec
KKP,2020,0.113050,sec
KKP,2021,0.129220,sec
KKP,2022,0.139139,sec
KKP,2023,0.091207,sec
KKP,2024,0.080839,sec
KKP,2025,0.092089,sec
KTB,2001,-0.068433,sec
KTB,2002,0.122961,sec
KTB,2003,0.124293,sec
KTB,2004,0.147142,sec
KTB,2005,0.000000,sec
KTB,2006,0.000000,sec
KTB,2007,0.000000,sec
KTB,2008,0.123156,sec-rescaled
KTB,2009,0.112781,sec
KTB,2010,0.125156,sec
KTB,2011,0.133228,sec
KTB,2012,0.151744,sec
KTB,2013,0.174472,sec
KTB,2014,0.151477,sec
KTB,2015,0.123598,sec
KTB,2016,0.129062,sec
KTB,2017,0.085794,sec
KTB,2018,0.104724,sec
KTB,2019,0.099782,sec
KTB,2020,0.049084,sec
KTB,2021,0.061372,sec
KTB,2022,0.091525,sec
KTB,2023,0.094046,sec
KTB,2024,0.103651,sec
KTB,2025,0.106659,sec
KTC,2004,0.107978,sec
KTC,2005,0.119718,sec
KTC,2006,0.115372,sec
KTC,2007,0.089536,sec
KTC,2008,0.085897,sec
KTC,2009,-0.061083,sec
KTC,2010,0.035009,sec
KTC,2011,-0.284399,sec
KTC,2012,0.050730,sec
KTC,2013,0.226621,sec
KTC,2014,0.260068,sec
KTC,2015,0.257459,sec
KTC,2016,0.261851,sec
KTC,2017,0.288602,sec
KTC,2018,0.355327,sec
KTC,2019,0.306388,sec
KTC,2020,0.250919,sec
KTC,2021,0.236875,sec
KTC,2022,0.243322,sec
KTC,2023,0.217660,sec
KTC,2024,0.197032,sec
KTC,2025,0.185361,sec
LH,2001,0.129920,sec
LH,2002,0.247151,sec
LH,2003,0.304769,sec
LH,2004,0.271415,sec
LH,2005,0.227327,sec
LH,2006,0.219299,sec
LH,2007,0.129761,sec
LH,2008,0.130881,sec
LH,2009,0.143616,sec
LH,2010,0.142094,sec
LH,2011,0.197136,sec
LH,2012,0.187119,sec
LH,2013,0.199292,sec
LH,2014,0.220487,sec
LH,2015,0.179074,sec
LH,2016,0.186211,sec
LH,2017,0.215733,sec
LH,2018,0.209406,sec
LH,2019,0.195711,sec
LH,2020,0.139594,sec
LH,2021,0.138930,sec
LH,2022,0.163752,sec
LH,2023,0.145151,sec
LH,2024,0.106618,sec
LH,2025,0.071905,sec
M,2012,0.000001,sec
M,2013,0.291401,sec
M,2014,0.162062,sec
M,2015,0.144556,sec
M,2016,0.159223,sec
M,2017,0.178259,sec
M,2018,0.183793,sec
M,2019,0.182820,sec
M,2020,0.065209,sec
M,2021,0.009805,sec
M,2022,0.108030,sec
M,2023,0.123282,sec
M,2024,0.105716,sec
M,2025,0.063623,sec
MAJOR,2002,0.274221,sec
MAJOR,2003,0.216736,sec
MAJOR,2004,-0.201488,sec
MAJOR,2005,0.193251,sec
MAJOR,2006,0.195243,sec
MAJOR,2007,0.249921,sec
MAJOR,2008,0.116497,sec
MAJOR,2009,0.060577,sec
MAJOR,2010,0.140440,sec
MAJOR,2011,0.140314,sec
MAJOR,2012,0.123935,sec
MAJOR,2013,0.171048,sec
MAJOR,2014,0.172288,sec
MAJOR,2015,0.183039,sec
MAJOR,2016,0.179792,sec
MAJOR,2017,0.182881,sec
MAJOR,2018,0.198644,sec
MAJOR,2019,0.180482,sec
MAJOR,2020,-0.076360,sec
MAJOR,2021,0.231675,sec
MAJOR,2022,0.035360,sec
MAJOR,2023,0.159265,sec
MAJOR,2024,0.132905,sec
MAJOR,2025,0.125693,sec
MEGA,2012,0.391756,sec
MEGA,2013,0.231998,sec
MEGA,2014,0.142436,sec
MEGA,2015,0.142436,sec
MEGA,2016,0.142436,sec
MEGA,2017,0.142436,sec
MEGA,2018,0.106703,sec-rescaled
MEGA,2019,0.191361,sec-rescaled
MEGA,2020,0.211450,sec
MEGA,2021,0.259465,sec
MEGA,2022,0.266998,sec
MEGA,2023,0.220437,sec
MEGA,2024,0.209872,sec
MEGA,2025,0.190323,sec
MINT,2001,0.104481,sec
MINT,2002,0.116940,sec
MINT,2003,0.107572,sec
MINT,2004,0.143283,sec
MINT,2005,0.183042,sec
MINT,2006,0.182055,sec
MINT,2007,0.180658,sec
MINT,2008,0.171912,sec
MINT,2009,0.114975,sec
MINT,2010,0.095986,sec
MINT,2011,0.211452,sec
MINT,2012,0.209752,sec
MINT,2013,0.190966,sec
MINT,2014,0.165645,sec
MINT,2015,0.231359,sec
MINT,2016,0.187738,sec
MINT,2017,0.127827,sec
MINT,2018,0.091315,sec
MINT,2019,0.145871,sec
MINT,2020,-0.300576,sec
MINT,2021,-0.195054,sec
MINT,2022,0.061638,sec
MINT,2023,0.073219,sec
MINT,2024,0.094244,sec
MINT,2025,0.101741,sec
MTC,2013,0.199585,sec
MTC,2014,0.154510,sec
MTC,2015,0.153372,sec
MTC,2016,0.237214,sec
MTC,2017,0.319860,sec
MTC,2018,0.349620,sec
MTC,2019,0.299777,sec
MTC,2020,0.284495,sec
MTC,2021,0.217101,sec
MTC,2022,0.188776,sec
MTC,2023,0.160848,sec
MTC,2024,0.170388,sec
MTC,2025,0.168352,sec
NER,2017,0.337605,sec
NER,2018,0.287058,sec
NER,2019,0.189626,sec
NER,2020,0.256256,sec
NER,2021,0.405001,sec
NER,2022,0.290511,sec
NER,2023,0.219914,sec
NER,2024,0.194683,sec
NER,2025,0.207145,sec
OR,2019,0.326951,sec
OR,2020,0.229738,sec
OR,2021,0.166724,sec
OR,2022,0.101911,sec
OR,2023,0.104099,sec
OR,2024,0.070077,sec
OR,2025,0.101534,sec
ORI,2014,0.239327,sec
ORI,2015,0.379705,sec
ORI,2016,0.323502,sec
ORI,2017,0.552456,sec
ORI,2018,0.531529,sec
ORI,2019,0.354176,sec
ORI,2020,0.253152,sec
ORI,2021,0.242788,sec
ORI,2022,0.228281,sec
ORI,2023,0.146208,sec
ORI,2024,0.054805,sec
ORI,2025,0.036270,sec
OSP,2017,0.718111,sec
OSP,2018,0.280630,sec
OSP,2019,0.181262,sec
OSP,2020,0.188935,sec
OSP,2021,0.166456,sec
OSP,2022,0.100853,sec
OSP,2023,0.138094,sec
OSP,2024,0.102966,sec
OSP,2025,0.226584,sec
PLANB,2014,0.256582,sec
PLANB,2015,0.215503,sec
PLANB,2016,0.115411,sec
PLANB,2017,0.137329,sec
PLANB,2018,0.168532,sec
PLANB,2019,0.142577,sec
PLANB,2020,0.024063,sec
PLANB,2021,0.010385,sec
PLANB,2022,0.093915,sec
PLANB,2023,0.109946,sec
PLANB,2024,0.114207,sec
PLANB,2025,0.103165,sec
PR9,2017,0.131923,sec
PR9,2018,0.052686,sec
PR9,2019,0.071903,sec
PR9,2020,0.049559,sec
PR9,2021,0.059375,sec
PR9,2022,0.125950,sec
PR9,2023,0.113674,sec
PR9,2024,0.135514,sec
PR9,2025,0.145431,sec
PTT,2002,0.292766,sec
PTT,2003,0.349103,sec
PTT,2004,0.399332,sec
PTT,2005,0.369145,sec
PTT,2006,0.301098,sec
PTT,2007,0.259181,sec
PTT,2008,0.124712,sec
PTT,2009,0.128249,sec
PTT,2010,0.180605,sec
PTT,2011,0.203153,sec
PTT,2012,0.180218,sec
PTT,2013,0.147139,sec
PTT,2014,0.080869,sec
PTT,2015,0.028884,sec
PTT,2016,0.129593,sec
PTT,2017,0.170938,sec
PTT,2018,0.141324,sec
PTT,2019,0.106052,sec
PTT,2020,0.042900,sec
PTT,2021,0.114747,sec
PTT,2022,0.088550,sec
PTT,2023,0.103068,sec
PTT,2024,0.079329,sec
PTT,2025,0.079195,sec
PTTEP,2001,0.407943,sec
PTTEP,2002,0.345055,sec
PTTEP,2003,0.285945,sec
PTTEP,2004,0.308758,sec
PTTEP,2005,0.368562,sec
PTTEP,2006,0.350106,sec
PTTEP,2007,0.291385,sec
PTTEP,2008,0.346006,sec
PTTEP,2009,0.159893,sec
PTTEP,2010,0.264762,sec
PTTEP,2011,0.250561,sec
PTTEP,2012,0.216827,sec
PTTEP,2013,0.164497,sec
PTTEP,2014,0.055834,sec
PTTEP,2015,-0.071502,sec
PTTEP,2016,0.032759,sec
PTTEP,2017,0.051830,sec
PTTEP,2018,0.095135,sec
PTTEP,2019,0.131597,sec
PTTEP,2020,0.060874,sec
PTTEP,2021,0.099932,sec
PTTEP,2022,0.154072,sec
PTTEP,2023,0.157110,sec
PTTEP,2024,0.146769,sec
PTTEP,2025,0.113688,sec
PTTGC,2011,0.010990,sec
PTTGC,2012,0.161550,sec
PTTGC,2013,0.144391,sec
PTTGC,2014,0.062922,sec
PTTGC,2015,0.091081,sec
PTTGC,2016,0.107217,sec
PTTGC,2017,0.150890,sec
PTTGC,2018,0.140369,sec
PTTGC,2019,0.039131,sec
PTTGC,2020,0.000685,sec
PTTGC,2021,0.145905,sec
PTTGC,2022,-0.028717,sec
PTTGC,2023,0.003444,sec
PTTGC,2024,-0.108299,sec
PTTGC,2025,-0.056466,sec
QH,2001,-0.796980,sec
QH,2006,0.129602,sec
QH,2007,0.121145,sec
QH,2008,0.151657,sec
QH,2009,0.142987,sec
QH,2010,0.154786,sec
QH,2011,0.064274,sec
QH,2012,0.166501,sec
QH,2013,0.200005,sec
QH,2014,0.182793,sec
QH,2015,0.152675,sec
QH,2016,0.138698,sec
QH,2017,0.145040,sec
QH,2018,0.148839,sec
QH,2019,0.087400,sec
QH,2020,0.079481,sec
QH,2021,0.062355,sec
QH,2022,0.087400,sec
QH,2023,0.089053,sec
QH,2024,0.074557,sec
QH,2025,0.058036,sec
RATCH,2004,0.243855,sec
RATCH,2005,0.202356,sec
RATCH,2006,0.184515,sec
RATCH,2007,0.161535,sec
RATCH,2008,0.165520,sec
RATCH,2009,0.157654,sec
RATCH,2010,0.114703,sec
RATCH,2011,0.102396,sec
RATCH,2012,0.153158,sec
RATCH,2013,0.114926,sec
RATCH,2014,0.105468,sec
RATCH,2015,0.052705,sec
RATCH,2016,0.100656,sec
RATCH,2017,0.095293,sec
RATCH,2018,0.093423,sec
RATCH,2019,0.099930,sec
RATCH,2020,0.104835,sec
RATCH,2021,0.118829,sec
RATCH,2022,0.068685,sec
RATCH,2023,0.052720,sec
RATCH,2024,0.062717,sec
RATCH,2025,0.065192,sec
SAPPE,2013,0.363038,sec
SAPPE,2014,0.382045,sec
SAPPE,2015,0.188483,sec
SAPPE,2016,0.221147,sec
SAPPE,2017,0.188244,sec
SAPPE,2018,0.150053,sec
SAPPE,2019,0.158824,sec
SAPPE,2020,0.140312,sec
SAPPE,2021,0.144723,sec
SAPPE,2022,0.211942,sec
SAPPE,2023,0.303647,sec
SAPPE,2024,0.305133,sec
SAPPE,2025,0.177882,sec
SAWAD,2013,0.660748,sec
SAWAD,2014,0.374642,sec
SAWAD,2015,0.325964,sec
SAWAD,2016,0.345385,sec
SAWAD,2017,0.327812,sec
SAWAD,2018,0.260066,sec
SAWAD,2019,0.248353,sec
SAWAD,2020,0.222781,sec
SAWAD,2021,0.201875,sec
SAWAD,2022,0.177766,sec
SAWAD,2023,0.185768,sec
SAWAD,2024,0.164791,sec
SAWAD,2025,0.142260,sec
SC,2003,0.075534,sec
SC,2004,0.071510,sec
SC,2005,0.097963,sec
SC,2006,0.094931,sec
SC,2007,0.068117,sec
SC,2008,0.117390,sec
SC,2009,0.110150,sec
SC,2010,0.154563,sec
SC,2011,0.119225,sec
SC,2012,0.113889,sec
SC,2013,0.107777,sec
SC,2014,0.140602,sec
SC,2015,0.152468,sec
SC,2016,0.142285,sec
SC,2017,0.085751,sec
SC,2018,0.114513,sec
SC,2019,0.119890,sec
SC,2020,0.104806,sec
SC,2021,0.106443,sec
SC,2022,0.122249,sec
SC,2023,0.110421,sec
SC,2024,0.072153,sec
SC,2025,0.062898,sec
SCB,2001,0.006531,sec
SCB,2002,-0.215412,sec
SCB,2003,0.192098,sec
SCB,2004,0.231460,sec
SCB,2005,0.207974,sec
SCB,2006,0.133500,sec
SCB,2007,0.163445,sec
SCB,2008,0.177639,sec
SCB,2009,0.154795,sec
SCB,2010,0.164412,sec
SCB,2011,0.145111,sec
SCB,2012,0.260634,sec-rescaled
SCB,2013,0.218374,sec
SCB,2014,0.200655,sec
SCB,2015,0.159186,sec
SCB,2016,0.148428,sec
SCB,2017,0.123634,sec
SCB,2018,0.107601,sec
SCB,2019,0.103440,sec
SCB,2020,0.066983,sec
SCB,2021,0.083326,sec
SCB,2022,0.082590,sec
SCB,2023,0.091591,sec
SCB,2024,0.089811,sec
SCB,2025,0.095305,sec
SCC,2004,0.311681,sec
SCC,2005,0.475505,sec
SCC,2006,0.371284,sec
SCC,2007,0.300358,sec
SCC,2008,0.149221,sec
SCC,2009,0.200564,sec
SCC,2010,0.613910,sec
SCC,2011,0.199627,sec
SCC,2012,0.166417,sec
SCC,2013,0.239508,sec
SCC,2014,0.198425,sec
SCC,2015,0.236800,sec
SCC,2016,0.251395,sec
SCC,2017,0.219673,sec
SCC,2018,0.166291,sec
SCC,2019,0.114888,sec
SCC,2020,0.113588,sec
SCC,2021,0.137401,sec
SCC,2022,0.057794,sec
SCC,2023,0.070210,sec
SCC,2024,0.017693,sec
SCC,2025,0.040762,sec
SCGP,2005,0.107277,sec
SCGP,2019,0.126354,sec
SCGP,2020,0.098071,sec
SCGP,2021,0.089391,sec
SCGP,2022,0.059789,sec
SCGP,2023,0.060143,sec
SCGP,2024,0.048040,sec
SCGP,2025,0.053872,sec
SINGER,2001,0.078373,sec
SINGER,2002,0.090587,sec
SINGER,2003,0.108392,sec
SINGER,2004,0.080687,sec
SINGER,2005,0.038348,sec
SINGER,2006,-0.733071,sec
SINGER,2007,-0.591999,sec
SINGER,2008,-0.143878,sec
SINGER,2009,0.069955,sec
SINGER,2010,0.115001,sec
SINGER,2011,0.155808,sec
SINGER,2012,0.208149,sec
SINGER,2013,0.244238,sec
SINGER,2014,0.160404,sec
SINGER,2015,0.090717,sec
SINGER,2016,0.074784,sec
SINGER,2017,-0.006091,sec
SINGER,2018,-0.052083,sec
SINGER,2019,0.085793,sec
SINGER,2020,0.172032,sec
SINGER,2021,0.079393,sec
SINGER,2022,0.057970,sec
SINGER,2023,-0.239367,sec
SINGER,2024,0.003817,sec
SINGER,2025,0.013723,sec
SIRI,2001,-0.139457,sec
SIRI,2002,0.025428,sec
SIRI,2003,0.158952,sec
SIRI,2004,0.089585,sec
SIRI,2005,0.121518,sec
SIRI,2006,0.052073,sec
SIRI,2007,0.087782,sec
SIRI,2008,0.105614,sec
SIRI,2009,0.168515,sec
SIRI,2010,0.214449,sec
SIRI,2011,0.193525,sec
SIRI,2012,0.230313,sec
SIRI,2013,0.119517,sec
SIRI,2014,0.162032,sec
SIRI,2015,0.134810,sec
SIRI,2016,0.122273,sec
SIRI,2017,0.096402,sec
SIRI,2018,0.066216,sec
SIRI,2019,0.077436,sec
SIRI,2020,0.048979,sec
SIRI,2021,0.052670,sec
SIRI,2022,0.104824,sec
SIRI,2023,0.137140,sec
SIRI,2024,0.108334,sec
SIRI,2025,0.088702,sec
SPALI,2001,0.648551,sec
SPALI,2002,0.672800,sec
SPALI,2003,0.478409,sec
SPALI,2006,0.217752,sec
SPALI,2007,0.180680,sec
SPALI,2008,0.212033,sec
SPALI,2009,0.377683,sec
SPALI,2010,0.299128,sec
SPALI,2011,0.256181,sec
SPALI,2012,0.236360,sec
SPALI,2013,0.215761,sec
SPALI,2014,0.282734,sec
SPALI,2015,0.233444,sec
SPALI,2016,0.228465,sec
SPALI,2017,0.229599,sec
SPALI,2018,0.187052,sec
SPALI,2019,0.152037,sec
SPALI,2020,0.115420,sec
SPALI,2021,0.179794,sec
SPALI,2022,0.184532,sec
SPALI,2023,0.123507,sec
SPALI,2024,0.119431,sec
SPALI,2025,0.075115,sec
SPRC,2014,-0.130944,sec
SPRC,2015,0.206539,sec
SPRC,2016,0.225591,sec
SPRC,2017,0.214022,sec
SPRC,2018,0.059761,sec
SPRC,2020,-0.192211,sec
SPRC,2021,0.157582,sec
SPRC,2022,0.208598,sec
SPRC,2023,-0.032455,sec
SPRC,2024,0.050221,sec
SPRC,2025,0.067318,sec
STA,2001,0.063403,sec
STA,2002,0.108509,sec
STA,2003,0.060843,sec
STA,2004,0.193275,sec
STA,2005,-0.041588,sec
STA,2006,0.137877,sec
STA,2007,0.026540,sec
STA,2008,0.131171,sec
STA,2009,0.335299,sec
STA,2010,0.433293,sec
STA,2011,0.091917,sec
STA,2012,0.074600,sec
STA,2013,0.092895,sec
STA,2014,0.051143,sec
STA,2015,0.053583,sec
STA,2016,-0.036896,sec
STA,2017,-0.067222,sec
STA,2018,0.086714,sec
STA,2019,-0.006085,sec
STA,2020,0.306518,sec
STA,2021,0.374081,sec
STA,2022,0.097814,sec
STA,2023,-0.008540,sec
STA,2024,0.032937,sec
STA,2025,-0.025493,sec
STGT,2019,0.185658,sec
STGT,2020,0.797843,sec
STGT,2021,0.678128,sec
STGT,2022,0.044041,sec
STGT,2023,0.004146,sec
STGT,2024,0.026416,sec
STGT,2025,-0.002867,sec
TASCO,2001,0.067633,sec
TASCO,2002,-0.052744,sec
TASCO,2003,-0.002938,sec
TASCO,2004,-0.002937,sec
TASCO,2006,0.120962,sec
TASCO,2007,0.099234,sec
TASCO,2008,-0.395318,sec
TASCO,2009,0.189198,sec
TASCO,2010,0.310950,sec
TASCO,2011,0.213330,sec
TASCO,2012,0.152225,sec
TASCO,2013,0.172029,sec
TASCO,2014,0.214420,sec
TASCO,2015,0.623766,sec
TASCO,2016,0.276662,sec
TASCO,2017,0.203331,sec
TASCO,2018,0.044829,sec
TASCO,2019,0.242215,sec
TASCO,2020,0.254337,sec
TASCO,2021,0.146975,sec
TASCO,2022,0.149776,sec
TASCO,2023,0.141574,sec
TASCO,2024,0.087980,sec
TASCO,2025,0.076840,sec
TFG,2014,0.287276,sec
TFG,2015,-0.368241,sec
TFG,2016,0.268440,sec
TFG,2017,0.224634,sec
TFG,2018,0.084894,sec
TFG,2019,0.162517,sec
TFG,2020,0.244097,sec
TFG,2021,0.049548,sec
TFG,2022,0.348166,sec
TFG,2023,-0.055557,sec
TFG,2024,0.208688,sec
TFG,2025,0.407336,sec
THG,2016,0.151177,sec
THG,2017,0.083030,sec
THG,2018,0.041829,sec
THG,2019,0.056004,sec
THG,2020,0.007711,sec
THG,2021,0.156953,sec
THG,2022,0.165759,sec
THG,2023,0.029708,sec
THG,2024,-0.211555,sec
THG,2025,0.009311,sec
TIDLOR,2020,0.229079,sec
TIDLOR,2021,0.185568,sec
TIDLOR,2022,0.152223,sec
TIDLOR,2023,0.140789,sec
TIDLOR,2024,0.143526,sec
TIDLOR,2025,0.152733,set
TIPH,2021,0.201890,sec
TIPH,2022,0.124079,sec
TIPH,2023,0.194970,sec
TIPH,2024,0.168954,sec
TIPH,2025,0.117728,sec
TISCO,2008,0.143385,sec
TISCO,2009,0.165322,sec
TISCO,2010,0.211006,sec
TISCO,2011,0.210846,sec
TISCO,2012,0.215375,sec
TISCO,2013,0.206348,sec
TISCO,2014,0.174455,sec
TISCO,2015,0.157920,sec
TISCO,2016,0.168775,sec
TISCO,2017,0.185024,sec
TISCO,2018,0.194069,sec
TISCO,2019,0.189109,sec
TISCO,2020,0.184871,sec
TISCO,2021,0.150354,sec
TISCO,2022,0.161568,sec
TISCO,2023,0.169515,sec
TISCO,2024,0.161468,sec
TISCO,2025,0.154121,sec
TKN,2014,0.651640,sec
TKN,2015,0.361445,sec
TKN,2016,0.384629,sec
TKN,2017,0.276716,sec
TKN,2018,0.211400,sec
TKN,2019,0.170125,sec
TKN,2020,0.116535,sec
TKN,2021,0.090604,sec
TKN,2022,0.213179,sec
TKN,2023,0.344633,sec
TKN,2024,0.364485,sec
TKN,2025,0.181759,sec
TLI,2021,0.102225,sec
TLI,2022,0.100435,sec
TLI,2023,0.095798,sec
TLI,2024,0.107611,sec
TLI,2025,0.084916,sec
TOP,2005,0.311442,sec
TOP,2006,0.237640,sec
TOP,2007,0.290426,sec
TOP,2008,0.008857,sec
TOP,2009,0.191894,sec
TOP,2010,0.130221,sec
TOP,2011,0.198536,sec
TOP,2012,0.148427,sec
TOP,2013,0.117212,sec
TOP,2014,-0.046374,sec
TOP,2015,0.138608,sec
TOP,2016,0.213041,sec
TOP,2017,0.217009,sec
TOP,2018,0.083211,sec
TOP,2019,0.051941,sec
TOP,2020,-0.027954,sec
TOP,2021,0.106095,sec
TOP,2022,0.235943,sec
TOP,2023,0.120914,sec
TOP,2024,0.060536,sec
TOP,2025,0.086966,sec
TPIPP,2016,0.210092,sec
TPIPP,2017,0.159307,sec
TPIPP,2018,0.147671,sec
TPIPP,2019,0.176646,sec
TPIPP,2020,0.160812,sec
TPIPP,2021,0.140225,sec
TPIPP,2022,0.090130,sec
TPIPP,2023,0.112811,sec
TPIPP,2024,0.097208,sec
TPIPP,2025,0.063685,sec
TRUE,2022,-0.056452,sec
TRUE,2023,-0.074594,sec
TRUE,2024,-0.137358,sec
TRUE,2025,0.123719,sec
TTB,2001,0.049187,sec
TTB,2002,-0.011491,sec
TTB,2003,-0.673067,sec
TTB,2004,0.026110,sec
TTB,2005,0.161829,sec
TTB,2006,-0.247706,sec
TTB,2007,-0.944154,sec
TTB,2008,0.009537,sec
TTB,2009,0.044281,sec
TTB,2010,0.066291,sec
TTB,2011,0.078652,sec
TTB,2012,0.075802,sec
TTB,2013,0.021182,sec
TTB,2014,0.087286,sec
TTB,2015,0.127679,sec
TTB,2016,0.102691,sec
TTB,2017,0.100089,sec
TTB,2018,0.123002,sec
TTB,2019,0.049207,sec
TTB,2020,0.050626,sec
TTB,2021,0.050411,sec
TTB,2022,0.066049,sec
TTB,2023,0.082355,sec-prior
TTB,2024,0.090400,sec
TTB,2025,0.085640,sec
TU,2006,0.145640,sec
TU,2007,0.128684,sec
TU,2008,0.142886,sec
TU,2009,0.193054,sec
TU,2010,0.138005,sec
TU,2011,0.223624,sec
TU,2012,0.152213,sec
TU,2013,0.074339,sec
TU,2014,0.122391,sec
TU,2015,0.118553,sec
TU,2016,0.132494,sec
TU,2017,0.148052,sec
TU,2018,0.083514,sec
TU,2019,0.090941,sec
TU,2020,0.129393,sec
TU,2021,0.148366,sec
TU,2022,0.102000,sec
TU,2023,-0.189563,sec
TU,2024,0.113252,sec
TU,2025,0.098767,sec
VGI,2012,0.787847,sec
VGI,2013,0.861571,sec
VGI,2014,0.607142,sec
VGI,2015,0.442890,sec
VGI,2016,0.462030,sec
VGI,2017,0.403290,sec
VGI,2018,0.269416,sec
VGI,2019,0.121536,sec
VGI,2020,0.069948,sec
VGI,2021,0.066706,sec
VGI,2022,-0.005260,sec
VGI,2023,-0.002266,sec
VGI,2024,-0.135707,sec
VGI,2025,0.017256,sec
VGI,2026,-0.030434,sec
WHA,2011,0.471398,sec
WHA,2012,0.104516,sec
WHA,2013,0.415705,sec
WHA,2014,0.226692,sec
WHA,2015,0.168892,sec
WHA,2016,0.144600,sec
WHA,2017,0.139970,sec
WHA,2018,0.110800,sec
WHA,2019,0.113900,sec
WHA,2020,0.086604,sec
WHA,2021,0.087209,sec
WHA,2022,0.129171,sec
WHA,2023,0.135061,sec
WHA,2024,0.127618,sec
WHA,2025,0.143152,sec
WHAUP,2016,0.088460,sec
WHAUP,2017,0.198127,sec
WHAUP,2018,0.169149,sec
WHAUP,2019,0.154822,sec
WHAUP,2020,0.063207,sec
WHAUP,2021,0.059942,sec
WHAUP,2022,0.036324,sec
WHAUP,2023,0.124580,sec
WHAUP,2024,0.082485,sec
WHAUP,2025,0.075133,sec
